1471499983056;"nbDocs";"average";"imediate"
1471499983558;40.0;55.40166091918945;79.6812744140625
1471499985077;102.0;45.495094299316406;40.78947448730469
