1471499987155;"nbDocs";"average";"imediate"
1471499987663;192.0;263.3744812011719;377.2102355957031
1471499988198;383.0;303.0063171386719;357.00933837890625
1471499988710;517.0;291.1036071777344;261.71875
